placement_id,onset_day,onset_date,alert_day,alert_date,recovery_day,recovery_date,recovered,detection_delay_days,reconciliation_delay_days,days_remaining_at_detection,pre_fault_index,fault_index
9,14.0,2025-09-07,15.0,2025-09-08,23.0,2025-09-16,True,1.0,14.0,12.0,0.9909181442351861,0.5954515183994284
24,18.0,2025-09-11,23.0,2025-09-16,,,False,5.0,10.0,4.0,1.0167625015070894,0.7493029339076548
27,16.0,2025-09-09,17.0,2025-09-10,,,False,1.0,12.0,10.0,1.0032175647489665,0.5836096182293816
30,6.0,2025-08-30,13.0,2025-09-06,,,False,7.0,22.0,14.0,0.9893353174603176,0.8070737133237134
32,9.0,2025-09-02,13.0,2025-09-06,,,False,4.0,19.0,14.0,1.0089884412140413,0.5713571064678153
38,14.0,2025-09-07,16.0,2025-09-09,23.0,2025-09-16,True,2.0,14.0,11.0,1.0015231407678953,0.8098239711090889
43,11.0,2025-09-04,13.0,2025-09-06,,,False,2.0,17.0,14.0,1.0126742293766446,0.6890568049511145
47,15.0,2025-09-08,18.0,2025-09-11,,,False,3.0,13.0,9.0,1.0111579568940063,0.7244286979627989
50,18.0,2025-09-11,19.0,2025-09-12,,,False,1.0,10.0,8.0,0.9951026872209587,0.4567969673995451
52,18.0,2025-09-11,21.0,2025-09-14,,,False,3.0,10.0,6.0,1.0107034763240779,0.6493650227164276
61,6.0,2025-08-30,13.0,2025-09-06,16.0,2025-09-09,True,7.0,22.0,14.0,1.019597020826777,0.7481217168171584
62,7.0,2025-08-31,13.0,2025-09-06,25.0,2025-09-18,True,6.0,21.0,14.0,1.0222129571723069,0.600764709768022
66,18.0,2025-09-11,21.0,2025-09-14,,,False,3.0,10.0,6.0,1.010332109852231,0.5909367263362604
74,23.0,2025-09-16,,,,,False,,5.0,,1.0082098766229415,0.776349814655272
75,4.0,2025-08-28,13.0,2025-09-06,19.0,2025-09-12,True,9.0,24.0,14.0,0.965073759126911,0.46745255791534507
84,75.0,2026-01-28,,,,,False,,9.0,,1.000611862964968,0.603648424543947
93,39.0,2025-12-23,43.0,2025-12-27,52.0,2026-01-05,True,4.0,45.0,40.0,0.9904743615901935,0.6362478961766039
100,49.0,2026-01-02,54.0,2026-01-07,63.0,2026-01-16,True,5.0,35.0,29.0,1.0034387967075018,0.5165184591275191
102,23.0,2025-12-07,31.0,2025-12-15,39.0,2025-12-23,True,8.0,61.0,52.0,1.0074807652105477,0.8228175636069995
109,55.0,2026-01-08,67.0,2026-01-20,75.0,2026-01-28,True,12.0,29.0,16.0,1.0092540488124009,0.6954899131498917
111,31.0,2025-12-15,42.0,2025-12-26,,,False,11.0,53.0,41.0,1.013991304332841,0.7676873563033019
126,26.0,2025-12-10,28.0,2025-12-12,,,False,2.0,58.0,55.0,0.9938652553846153,0.49120697379310346
134,33.0,2025-12-17,48.0,2026-01-01,,,False,15.0,51.0,35.0,1.0141654784488257,0.7761959158071112
138,72.0,2026-01-25,,,,,False,,12.0,,1.0063254083335613,0.7244753905501901
144,72.0,2026-01-25,78.0,2026-01-31,,,False,6.0,12.0,5.0,0.9955162748953226,0.4731071568467129
145,52.0,2026-01-05,64.0,2026-01-17,65.0,2026-01-18,True,12.0,32.0,19.0,1.0062980620906383,0.7140071417783729
148,71.0,2026-01-24,,,,,False,,13.0,,0.9980160619155503,0.701349616465965
162,16.0,2025-10-02,19.0,2025-10-05,29.0,2025-10-15,True,3.0,40.0,36.0,1.0065982021532351,0.6884161098648398
164,7.0,2025-09-23,13.0,2025-09-29,,,False,6.0,49.0,42.0,1.003630943280844,0.5923206004615575
174,10.0,2025-09-26,13.0,2025-09-29,20.0,2025-10-06,True,3.0,46.0,42.0,1.0076490891016117,0.7060908999519697
186,23.0,2025-10-09,24.0,2025-10-10,,,False,1.0,33.0,31.0,0.9622466147830506,0.7877077175895739
188,26.0,2025-10-12,28.0,2025-10-14,,,False,2.0,30.0,27.0,0.9961300465257998,0.5227484014622703
192,19.0,2025-10-05,23.0,2025-10-09,,,False,4.0,37.0,32.0,1.0053976004477843,0.6511145201680734
195,9.0,2025-09-25,13.0,2025-09-29,15.0,2025-10-01,True,4.0,47.0,42.0,1.005939473653028,0.638668195229462
198,46.0,2025-11-01,51.0,2025-11-06,,,False,5.0,10.0,4.0,1.004736011091,0.5191284322409212
202,13.0,2025-09-29,16.0,2025-10-02,,,False,3.0,43.0,39.0,1.01024821442595,0.7667965941973768
206,23.0,2025-10-09,27.0,2025-10-13,,,False,4.0,33.0,28.0,1.0120396697079865,0.6221367608658989
209,48.0,2025-11-03,,,,,False,,8.0,,1.0126710918113184,0.7926310444840642
216,6.0,2025-09-22,13.0,2025-09-29,21.0,2025-10-07,True,7.0,50.0,42.0,0.9940318451733018,0.654784408226795
221,18.0,2025-10-04,25.0,2025-10-11,38.0,2025-10-24,True,7.0,38.0,30.0,1.0231834037722252,0.7899755797370427
231,45.0,2025-10-31,51.0,2025-11-06,,,False,6.0,11.0,4.0,1.0111898989830086,0.4904845273249631
247,10.0,2025-05-04,13.0,2025-05-07,29.0,2025-05-23,True,3.0,32.0,28.0,0.9771050834942466,0.473077672219173
248,25.0,2025-05-19,30.0,2025-05-24,,,False,5.0,17.0,11.0,1.0052179130447825,0.7305053556751538
251,30.0,2025-05-24,33.0,2025-05-27,,,False,3.0,12.0,8.0,0.9941433416361767,0.6432025360501161
254,10.0,2025-05-04,13.0,2025-05-07,,,False,3.0,32.0,28.0,1.012505605024851,0.7538091620036869
255,31.0,2025-05-25,36.0,2025-05-30,39.0,2025-06-02,True,5.0,11.0,5.0,1.0090023019266765,0.6217800167483897
259,10.0,2025-05-04,13.0,2025-05-07,22.0,2025-05-16,True,3.0,32.0,28.0,1.028431351964222,0.5046851342492471
271,4.0,2025-04-28,13.0,2025-05-07,17.0,2025-05-11,True,9.0,38.0,28.0,1.0226810191743652,0.5795222754459771
272,36.0,2025-05-30,41.0,2025-06-04,,,False,5.0,6.0,0.0,1.0047220637637069,0.5619167142042213
274,4.0,2025-04-28,13.0,2025-05-07,,,False,9.0,38.0,28.0,0.9923584168770052,0.6744603198278378
282,6.0,2025-04-30,13.0,2025-05-07,23.0,2025-05-17,True,7.0,36.0,28.0,0.9917197509618242,0.48881082522118374
284,27.0,2025-05-21,35.0,2025-05-29,,,False,8.0,15.0,6.0,1.0086093020887048,0.7678128759954929
286,30.0,2025-05-24,37.0,2025-05-31,,,False,7.0,12.0,4.0,1.0148371426063036,0.6944485089695941
288,35.0,2025-05-29,39.0,2025-06-02,,,False,4.0,7.0,2.0,0.9997933221679791,0.5827459644371592
289,20.0,2025-05-14,22.0,2025-05-16,,,False,2.0,22.0,19.0,1.0077086985365509,0.5940657647370357
292,16.0,2025-05-10,19.0,2025-05-13,,,False,3.0,26.0,22.0,1.0055842660873173,0.6730224168527015
293,29.0,2025-05-23,35.0,2025-05-29,,,False,6.0,13.0,6.0,1.0079730483233922,0.707660522375442
297,29.0,2025-05-23,35.0,2025-05-29,,,False,6.0,13.0,6.0,1.0118301190576742,0.6690527062079279
298,30.0,2025-05-24,36.0,2025-05-30,,,False,6.0,12.0,5.0,1.01423240859549,0.6273394982522897
305,6.0,2025-04-30,13.0,2025-05-07,34.0,2025-05-28,True,7.0,36.0,28.0,1.01934845212383,0.7161930106815945
309,10.0,2025-05-04,13.0,2025-05-07,31.0,2025-05-25,True,3.0,32.0,28.0,0.9914136812566055,0.6402201246401107
310,19.0,2025-05-13,22.0,2025-05-16,,,False,3.0,23.0,19.0,1.002373500045422,0.6768654900542824
313,27.0,2025-06-25,,,33.0,2025-07-01,True,,29.0,,1.0085561107925325,0.7640032358482837
316,25.0,2025-06-23,28.0,2025-06-26,31.0,2025-06-29,True,3.0,31.0,27.0,1.0012373345148966,0.5991190181678756
320,29.0,2025-06-27,33.0,2025-07-01,35.0,2025-07-03,True,4.0,27.0,22.0,1.0029596272583483,0.6370530480176586
321,23.0,2025-06-21,27.0,2025-06-25,,,False,4.0,33.0,28.0,0.9963451334155665,0.7249107198700944
327,31.0,2025-06-29,33.0,2025-07-01,38.0,2025-07-06,True,2.0,25.0,22.0,0.9942205247090811,0.4753828387123226
336,29.0,2025-06-27,31.0,2025-06-29,,,False,2.0,27.0,24.0,0.9994775470301122,0.47092642778279636
346,49.0,2025-07-17,,,,,False,,7.0,,1.0107951972020672,0.6151832643948462
349,40.0,2025-07-08,49.0,2025-07-17,,,False,9.0,16.0,6.0,1.006653857765547,0.7129760382653167
354,34.0,2025-07-02,38.0,2025-07-06,,,False,4.0,22.0,17.0,1.0035893220207104,0.5467536026232097
362,22.0,2025-06-20,29.0,2025-06-27,,,False,7.0,34.0,26.0,1.0069574637804457,0.75996561716879
375,22.0,2025-06-20,27.0,2025-06-25,,,False,5.0,34.0,28.0,1.0118965702398806,0.6873450693235448
380,29.0,2025-06-27,34.0,2025-07-02,41.0,2025-07-09,True,5.0,27.0,21.0,0.9980114373381047,0.7310221277953858
387,50.0,2025-07-18,,,,,False,,6.0,,0.9988993987219975,0.5791240899478586
409,7.0,2026-09-03,13.0,2026-09-09,,,False,6.0,49.0,42.0,0.9821904660339127,0.6562966567132344
416,10.0,2026-09-06,13.0,2026-09-09,,,False,3.0,46.0,42.0,1.0005339171423144,0.46228288672690915
427,11.0,2026-09-07,14.0,2026-09-10,,,False,3.0,45.0,41.0,1.0028603444723858,0.8032247660666954
469,14.0,2026-09-03,15.0,2026-09-04,,,False,1.0,28.0,26.0,1.0019092767718234,0.5825921038698695
476,10.0,2026-08-30,13.0,2026-09-02,,,False,3.0,32.0,28.0,1.0049556012253285,0.6289002417051197
478,14.0,2026-09-03,17.0,2026-09-06,,,False,3.0,28.0,24.0,1.0050512416523045,0.7041829375260624
482,15.0,2026-09-04,16.0,2026-09-05,,,False,1.0,27.0,25.0,1.0052575814898714,0.48991571981579696
495,7.0,2026-08-27,13.0,2026-09-02,,,False,6.0,35.0,28.0,1.0241874527588812,0.7400145243282499
496,16.0,2026-09-05,18.0,2026-09-07,,,False,2.0,26.0,23.0,0.9945819422550348,0.6677448741824098
507,10.0,2026-08-30,13.0,2026-09-02,,,False,3.0,32.0,28.0,0.999541564486262,0.7057454581852761
511,15.0,2026-09-04,19.0,2026-09-08,,,False,4.0,27.0,22.0,1.0031284103310294,0.7739827469729252
528,11.0,2026-08-31,13.0,2026-09-02,,,False,2.0,31.0,28.0,0.9780542368077417,0.7610593836818417
532,60.0,2026-09-07,,,,,False,,24.0,,1.0079327842143617,0.5928846330614382
535,29.0,2026-08-07,33.0,2026-08-11,,,False,4.0,55.0,50.0,1.0060804302042314,0.5812466351618113
538,39.0,2026-08-17,48.0,2026-08-26,,,False,9.0,45.0,35.0,1.0075818528932707,0.7297765953569736
543,59.0,2026-09-06,,,,,False,,25.0,,0.9940760877587566,0.5579562737284206
548,36.0,2026-08-14,42.0,2026-08-20,45.0,2026-08-23,True,6.0,48.0,41.0,1.002204585537919,0.6555486392087699
549,9.0,2026-07-18,13.0,2026-07-22,,,False,4.0,75.0,70.0,1.0031891711522674,0.6214427858604287
559,56.0,2026-09-03,62.0,2026-09-09,,,False,6.0,28.0,21.0,0.9972939404217962,0.5487814002673638
564,33.0,2026-08-11,39.0,2026-08-17,48.0,2026-08-26,True,6.0,51.0,44.0,0.9863288302957609,0.7204168466735182
565,25.0,2026-08-03,31.0,2026-08-09,,,False,6.0,59.0,52.0,1.0073934562863656,0.7382570252545249
566,51.0,2026-08-29,60.0,2026-09-07,,,False,9.0,33.0,23.0,1.0127304517136202,0.6153120084950061
567,19.0,2026-07-28,23.0,2026-08-01,25.0,2026-08-03,True,4.0,65.0,60.0,1.0060619008198253,0.719079889320496
578,43.0,2026-08-21,,,52.0,2026-08-30,True,,41.0,,1.00566543357261,0.806275915931068
583,59.0,2026-09-06,,,,,False,,25.0,,1.0006660136927612,0.6249152394690729
584,23.0,2026-08-01,27.0,2026-08-05,46.0,2026-08-24,True,4.0,61.0,56.0,1.0006098499084173,0.7226124385653239
586,39.0,2026-08-17,42.0,2026-08-20,,,False,3.0,45.0,41.0,0.9974682013210505,0.46140292579820213
